Date,Open,High,Low,Close,Volume
20-Nov-15,746.53,757.92,743.00,756.60,2213284
19-Nov-15,738.74,742.00,737.43,738.41,1327879
18-Nov-15,727.58,741.41,727.00,740.00,1684259
17-Nov-15,729.29,731.84,723.03,725.30,1510903
16-Nov-15,715.60,729.49,711.33,728.96,1905893
13-Nov-15,729.17,731.15,716.73,717.00,2075504
12-Nov-15,731.00,737.80,728.64,731.23,1837154
11-Nov-15,732.46,741.00,730.23,735.40,1366995
10-Nov-15,724.40,730.59,718.50,728.32,1607994
9-Nov-15,730.20,734.71,719.43,724.89,2069807
6-Nov-15,731.50,735.41,727.01,733.76,1511599
5-Nov-15,729.47,739.48,729.47,731.25,1861550
4-Nov-15,722.00,733.10,721.90,728.11,1706700
3-Nov-15,718.86,724.65,714.72,722.16,1565379
2-Nov-15,711.06,721.62,705.85,721.11,1886250
30-Oct-15,715.73,718.00,710.05,710.81,1908774
29-Oct-15,710.50,718.26,710.01,716.92,1455965
28-Oct-15,707.33,712.98,703.08,712.95,2178917
27-Oct-15,707.38,713.62,704.55,708.49,2245796
26-Oct-15,701.55,719.15,701.26,712.78,2716615
23-Oct-15,727.50,730.00,701.50,702.00,6653923
22-Oct-15,646.70,657.80,644.01,651.79,4070954
21-Oct-15,654.15,655.87,641.73,642.61,1794172
20-Oct-15,664.04,664.72,644.20,650.28,2498215
19-Oct-15,661.18,666.82,659.58,666.10,1477340
16-Oct-15,664.11,664.97,657.20,662.20,1611128
15-Oct-15,654.66,663.13,654.46,661.74,1885737
14-Oct-15,653.21,659.39,648.85,651.16,1415468
13-Oct-15,643.15,657.81,643.15,652.30,1807685
12-Oct-15,642.09,648.50,639.01,646.67,1276134
2-Oct-15,607.20,627.34,603.13,626.91,2684805
1-Oct-15,608.37,612.09,599.85,611.29,1867601
30-Sep-15,603.28,608.76,600.73,608.42,2413441
29-Sep-15,597.28,605.00,590.22,594.97,2310284
28-Sep-15,610.34,614.60,589.38,594.89,3127667
25-Sep-15,629.77,629.77,611.00,611.97,2174009
24-Sep-15,616.64,627.32,612.40,625.80,2240098
23-Sep-15,622.05,628.93,620.00,622.36,1470949
22-Sep-15,627.00,627.55,615.43,622.69,2562869
21-Sep-15,634.40,636.49,625.94,635.44,1788506
18-Sep-15,636.79,640.00,627.02,629.25,5133386
17-Sep-15,637.79,650.90,635.02,642.90,2274690
16-Sep-15,635.47,637.95,632.32,635.98,1286454
15-Sep-15,626.70,638.70,623.78,635.14,2084397
14-Sep-15,625.70,625.86,619.43,623.24,1702271
11-Sep-15,619.75,625.78,617.42,625.77,1373545
10-Sep-15,613.10,624.16,611.43,621.35,1900526
9-Sep-15,621.22,626.52,609.60,612.72,1702094
8-Sep-15,612.49,616.31,604.12,614.66,2279538
4-Sep-15,600.00,603.47,595.25,600.70,2089453
3-Sep-15,617.00,619.71,602.82,606.25,1759572
2-Sep-15,605.59,614.34,599.71,614.34,2575620
1-Sep-15,602.36,612.86,594.10,597.79,3702105
31-Aug-15,627.54,635.80,617.68,618.25,2176737
28-Aug-15,632.82,636.88,624.56,630.38,1978733
27-Aug-15,639.40,643.59,622.00,637.61,3491336
26-Aug-15,610.35,631.71,599.05,628.62,4235891
25-Aug-15,614.91,617.45,581.11,582.06,3537966
24-Aug-15,573.00,614.00,565.05,589.61,5770302
21-Aug-15,639.78,640.05,612.33,612.48,4265183
20-Aug-15,655.46,662.99,642.90,646.83,2855299
19-Aug-15,656.60,667.00,654.19,660.90,2134098
18-Aug-15,661.90,664.00,653.46,656.13,1456059
17-Aug-15,656.80,661.38,651.24,660.87,1051699
14-Aug-15,655.01,659.86,652.66,657.12,1072061
13-Aug-15,659.32,664.50,651.66,656.45,1810749
12-Aug-15,663.08,665.00,652.29,659.56,2940803
11-Aug-15,669.20,674.90,654.27,660.78,5029203
10-Aug-15,639.48,643.44,631.25,633.73,1809205
7-Aug-15,640.23,642.68,629.71,635.30,1403865
6-Aug-15,645.00,645.38,632.25,642.68,1572600
5-Aug-15,634.33,647.86,633.16,643.78,2334266
4-Aug-15,628.42,634.81,627.16,629.25,1490881
3-Aug-15,625.34,633.06,625.34,631.21,1304511
31-Jul-15,631.38,632.91,625.50,625.61,1706149
30-Jul-15,630.00,635.22,622.05,632.59,1474203
29-Jul-15,628.80,633.36,622.65,631.93,1575069
28-Jul-15,632.83,632.83,623.31,628.00,1727327
27-Jul-15,621.00,634.30,620.50,627.26,2675381
24-Jul-15,647.00,648.17,622.52,623.56,3625747
23-Jul-15,661.27,663.63,641.00,644.28,3029109
22-Jul-15,660.89,678.64,659.00,662.10,3929309
21-Jul-15,655.21,673.00,654.30,662.30,3377196
20-Jul-15,659.24,668.88,653.01,663.02,5860872
17-Jul-15,649.00,674.47,645.00,672.93,11164943
16-Jul-15,565.12,580.68,565.00,579.85,4768318
15-Jul-15,560.13,566.50,556.79,560.22,1784554
14-Jul-15,546.76,565.85,546.71,561.10,3244066
13-Jul-15,532.88,547.11,532.40,546.55,2206475
10-Jul-15,526.29,532.56,525.55,530.13,1956682
9-Jul-15,523.12,523.77,520.35,520.68,1842347
8-Jul-15,521.05,522.73,516.11,516.83,1296699
7-Jul-15,523.13,526.18,515.18,525.02,1597229
6-Jul-15,519.50,525.25,519.00,522.86,1280525
2-Jul-15,521.08,524.65,521.08,523.40,1235903
1-Jul-15,524.73,525.69,518.23,521.84,1961354
30-Jun-15,526.02,526.25,520.50,520.51,2235595
29-Jun-15,525.01,528.61,520.54,521.52,1937821
26-Jun-15,537.26,537.76,531.35,531.69,2109130
25-Jun-15,538.87,540.90,535.23,535.23,1335697
24-Jun-15,540.00,540.00,535.66,537.84,1286608
23-Jun-15,539.64,541.50,535.25,540.48,1197450
22-Jun-15,539.59,543.74,537.53,538.19,1250282
19-Jun-15,537.21,538.25,533.01,536.69,1893497
18-Jun-15,531.00,538.15,530.79,536.73,1833109
17-Jun-15,529.37,530.98,525.10,529.26,1294216
16-Jun-15,528.40,529.64,525.56,528.15,1071814
15-Jun-15,528.00,528.30,524.00,527.20,1632702
12-Jun-15,531.60,533.12,530.16,532.33,955789
11-Jun-15,538.42,538.98,533.02,534.61,1217536
10-Jun-15,529.36,538.36,529.35,536.69,1814958
9-Jun-15,527.56,529.20,523.01,526.69,1455266
8-Jun-15,533.31,534.12,526.24,526.83,1524139
5-Jun-15,536.35,537.20,532.52,533.33,1388220
4-Jun-15,537.76,540.59,534.32,536.70,1348337
3-Jun-15,539.91,543.50,537.11,540.31,1717036
2-Jun-15,532.93,543.00,531.33,539.18,1938989
1-Jun-15,536.79,536.79,529.76,533.99,1904332
29-May-15,537.37,538.63,531.45,532.11,2597407
28-May-15,538.01,540.61,536.25,539.78,1029849
27-May-15,532.80,540.55,531.71,539.79,1525019
26-May-15,538.12,539.00,529.88,532.32,2406512
22-May-15,540.15,544.19,539.51,540.11,1176214
21-May-15,537.95,543.84,535.98,542.51,1462695
20-May-15,538.49,542.92,532.97,539.27,1430826
19-May-15,533.98,540.66,533.04,537.36,1966947
18-May-15,532.01,534.82,528.85,532.30,2003421
15-May-15,539.18,539.27,530.38,533.85,1971343
14-May-15,533.77,539.00,532.41,538.40,1403935
13-May-15,530.56,534.32,528.66,529.62,1253063
12-May-15,531.60,533.21,525.26,529.04,1634174
11-May-15,538.37,541.98,535.40,535.70,905285
8-May-15,536.65,541.15,536.00,538.22,1527615
7-May-15,523.99,533.46,521.75,530.70,1546278
6-May-15,531.24,532.38,521.08,524.22,1566987
5-May-15,538.21,539.74,530.39,530.80,1383068
4-May-15,538.53,544.07,535.06,540.78,1307960
1-May-15,538.43,539.54,532.10,537.90,1768181
30-Apr-15,547.87,548.59,535.05,537.34,2082214
29-Apr-15,550.47,553.68,546.90,549.08,1698761
28-Apr-15,554.64,556.02,550.37,553.68,1490983
27-Apr-15,563.39,565.95,553.20,555.37,2398039
24-Apr-15,566.10,571.14,557.25,565.06,4919031
23-Apr-15,541.00,550.96,540.23,547.00,4173376
22-Apr-15,534.40,541.08,531.75,539.36,1589248
21-Apr-15,537.51,539.39,533.68,533.97,1839668
20-Apr-15,525.60,536.09,524.50,535.38,1675487
17-Apr-15,528.66,529.84,521.01,524.05,2145955
16-Apr-15,529.90,535.59,529.61,533.80,1296304
15-Apr-15,528.70,534.73,523.22,532.53,2312512
14-Apr-15,536.25,537.57,528.09,530.39,2597043
13-Apr-15,538.41,544.06,537.31,539.17,1640809
10-Apr-15,542.29,542.29,537.31,540.01,1405574
9-Apr-15,541.03,541.95,535.49,540.78,1553586
8-Apr-15,538.38,543.85,538.38,541.61,1175332
7-Apr-15,538.08,542.69,536.00,537.02,1299298
6-Apr-15,532.22,538.41,529.57,536.76,1320767
2-Apr-15,540.85,540.85,533.85,535.53,1711737
1-Apr-15,548.60,551.14,539.50,542.56,1957718
31-Mar-15,550.00,554.71,546.72,548.00,1583677
30-Mar-15,551.62,553.47,548.17,552.03,1283958
27-Mar-15,553.00,555.28,548.13,548.34,1892323
26-Mar-15,557.59,558.90,550.65,555.17,1568331
25-Mar-15,570.50,572.26,558.74,558.78,2146384
24-Mar-15,562.56,574.59,561.21,570.19,2576234
23-Mar-15,560.43,562.36,555.83,558.81,1639306
20-Mar-15,561.65,561.72,559.05,560.36,2609690
19-Mar-15,559.39,560.80,556.14,557.99,1194049
18-Mar-15,552.50,559.78,547.00,559.50,2128714
17-Mar-15,551.71,553.80,548.00,550.84,1800570
16-Mar-15,550.95,556.85,546.00,554.51,1636493
13-Mar-15,553.50,558.40,544.22,547.32,1698872
12-Mar-15,553.51,556.37,550.46,555.51,1385772
11-Mar-15,555.14,558.14,550.68,551.18,1815763
10-Mar-15,564.25,564.85,554.73,555.01,1787357
9-Mar-15,566.86,570.27,563.54,568.85,1059336
6-Mar-15,574.88,576.68,566.76,567.68,1654561
5-Mar-15,575.02,577.91,573.41,575.33,1385818
4-Mar-15,571.87,577.11,568.01,573.37,1871694
3-Mar-15,570.45,575.39,566.52,573.64,1700084
2-Mar-15,560.53,572.15,558.75,571.34,2123796
27-Feb-15,554.24,564.71,552.90,558.40,2403553
26-Feb-15,543.21,556.14,541.50,555.48,2305219
25-Feb-15,535.90,546.22,535.44,543.87,1821041
24-Feb-15,530.00,536.79,528.25,536.09,1002393
23-Feb-15,536.05,536.44,529.41,531.91,1453907
20-Feb-15,543.13,543.75,535.80,538.95,1441212
19-Feb-15,538.04,543.11,538.01,542.87,987478
18-Feb-15,541.40,545.49,537.51,539.70,1449089
17-Feb-15,546.83,550.00,541.09,542.84,1612439
13-Feb-15,543.35,549.91,543.13,549.01,1895126
12-Feb-15,537.25,544.82,534.67,542.93,1615824
11-Feb-15,535.30,538.45,533.38,535.97,1373970
10-Feb-15,529.30,537.70,526.92,536.94,1745076
9-Feb-15,528.00,532.00,526.02,527.83,1264276
6-Feb-15,527.64,537.20,526.41,531.00,1758650
5-Feb-15,523.79,528.50,522.09,527.58,1844687
4-Feb-15,529.24,532.67,521.27,522.76,1659125
3-Feb-15,528.00,533.40,523.26,529.24,2033085
2-Feb-15,531.73,533.00,518.55,528.48,2841976
30-Jan-15,515.86,539.87,515.52,534.52,5590977
29-Jan-15,511.00,511.09,501.20,510.66,4174924
28-Jan-15,522.78,522.99,510.00,510.00,1679230
27-Jan-15,529.97,530.70,518.19,518.63,1898844
26-Jan-15,538.53,539.00,529.67,535.21,1539524
23-Jan-15,535.59,542.17,533.00,539.95,2275485
22-Jan-15,521.48,536.33,519.70,534.39,2669558
21-Jan-15,507.25,519.28,506.20,518.04,2262455
20-Jan-15,511.00,512.50,506.02,506.90,2225922
16-Jan-15,500.01,508.19,500.00,508.08,2292043
15-Jan-15,505.57,505.68,497.76,501.79,2711355
14-Jan-15,494.65,503.23,493.00,500.87,2229638
13-Jan-15,498.84,502.98,492.39,496.18,2365687
12-Jan-15,494.94,495.98,487.56,492.55,2320446
9-Jan-15,504.76,504.92,494.79,496.17,2065715
8-Jan-15,497.99,503.48,491.00,502.68,3344395
7-Jan-15,507.00,507.24,499.65,501.10,2059366
6-Jan-15,515.00,516.18,501.05,501.96,2891950
5-Jan-15,523.26,524.33,513.06,513.87,2054238
2-Jan-15,529.01,531.27,524.10,524.81,1446662
31-Dec-14,531.25,532.60,525.80,526.40,1371819
30-Dec-14,528.09,531.15,527.13,530.42,873923
29-Dec-14,532.19,535.48,530.01,530.33,2276104
26-Dec-14,528.77,534.25,527.31,534.03,1037727
24-Dec-14,530.51,531.76,527.02,528.77,704035
23-Dec-14,527.00,534.56,526.29,530.59,2191567
22-Dec-14,516.08,526.46,516.08,524.87,2723599
19-Dec-14,511.51,517.72,506.91,516.35,3680148
18-Dec-14,512.95,513.87,504.70,511.10,2918730
17-Dec-14,497.00,507.00,496.81,504.89,2875281
16-Dec-14,511.56,513.05,489.00,495.39,3953371
15-Dec-14,522.74,523.10,513.27,513.80,2812786
12-Dec-14,523.51,528.50,518.66,518.66,1989117
11-Dec-14,527.80,533.92,527.10,528.34,1610964
10-Dec-14,533.08,536.33,525.56,526.06,1716835
9-Dec-14,522.14,534.19,520.50,533.37,1871268
8-Dec-14,527.13,531.00,523.79,526.98,2327127
5-Dec-14,531.00,532.89,524.28,525.26,2558649
4-Dec-14,531.16,537.34,528.59,537.31,1392208
3-Dec-14,531.44,536.00,529.26,531.32,1279288
2-Dec-14,533.51,535.50,529.80,533.75,1522481
1-Dec-14,538.90,541.41,531.86,533.80,2109599
28-Nov-14,540.62,542.00,536.60,541.83,1145231
26-Nov-14,540.88,541.55,537.04,540.37,1519503
25-Nov-14,539.00,543.98,538.60,541.08,1784967
24-Nov-14,537.65,542.70,535.62,539.27,1701682
21-Nov-14,541.61,542.14,536.56,537.50,2218249
20-Nov-14,531.25,535.11,531.08,534.83,1559131
19-Nov-14,535.00,538.24,530.08,536.99,1388440
18-Nov-14,537.50,541.94,534.17,535.03,1957664
17-Nov-14,543.58,543.79,534.06,536.51,1721282
14-Nov-14,546.68,546.68,542.15,544.40,1285991
13-Nov-14,549.80,549.80,543.48,545.38,1335719
12-Nov-14,550.39,550.46,545.17,547.31,1126594
11-Nov-14,548.49,551.94,546.30,550.29,964866
10-Nov-14,541.46,549.59,541.02,547.49,1131546
7-Nov-14,546.21,546.21,538.67,541.01,1629259
6-Nov-14,545.50,546.88,540.97,542.04,1329604
5-Nov-14,556.80,556.80,544.05,545.92,2026740
4-Nov-14,553.00,555.50,549.30,554.11,1240761
3-Nov-14,555.50,557.90,553.23,555.22,1378511
31-Oct-14,559.35,559.57,554.75,559.08,2032887
30-Oct-14,548.95,552.80,543.51,550.31,1451667
29-Oct-14,550.00,554.19,546.98,549.33,1767107
28-Oct-14,543.00,548.98,541.62,548.90,1273372
27-Oct-14,537.03,544.41,537.03,540.77,1184973
24-Oct-14,544.36,544.88,535.79,539.78,1972047
23-Oct-14,539.32,547.22,535.85,543.98,2345296
22-Oct-14,529.89,539.80,528.80,532.71,2917183
21-Oct-14,525.19,526.79,519.11,526.54,2332531
20-Oct-14,509.45,521.76,508.10,520.84,2605505
17-Oct-14,527.25,530.98,508.53,511.17,5530674
16-Oct-14,519.00,529.43,515.00,524.51,3698423
15-Oct-14,531.01,532.80,518.30,530.03,3712536
14-Oct-14,538.90,547.19,533.17,537.94,2217230
13-Oct-14,544.99,549.50,533.10,533.21,2578676
10-Oct-14,557.72,565.13,544.05,544.49,3078634
9-Oct-14,571.18,571.49,559.06,560.88,2519693
8-Oct-14,565.57,573.88,557.49,572.50,1987888
7-Oct-14,574.40,575.27,563.74,563.74,1906427
6-Oct-14,578.80,581.00,574.44,577.35,1211320
3-Oct-14,573.05,577.22,572.50,575.28,1138636
2-Oct-14,567.31,571.91,563.32,570.08,1175307
1-Oct-14,576.01,577.58,567.01,568.27,1445027
30-Sep-14,576.93,579.85,572.85,577.36,1618437
29-Sep-14,571.75,578.19,571.17,576.36,1281204
26-Sep-14,576.06,579.25,574.66,577.10,1439807
25-Sep-14,587.55,587.98,574.18,575.06,1925350
24-Sep-14,581.46,589.63,580.52,587.99,1724537
23-Sep-14,586.85,586.85,581.00,581.13,1467703
22-Sep-14,593.82,593.95,583.46,587.37,1687710
19-Sep-14,591.50,596.48,589.50,596.08,3727045
18-Sep-14,587.00,589.54,585.00,589.27,1442012
17-Sep-14,580.01,587.52,578.78,584.77,1690994
16-Sep-14,572.76,581.50,572.66,579.95,1478306
15-Sep-14,572.94,574.95,568.21,573.10,1596224
12-Sep-14,581.00,581.64,574.46,575.62,1597677
11-Sep-14,580.36,581.81,576.26,581.35,1217721
10-Sep-14,581.50,583.50,576.94,583.10,975145
9-Sep-14,588.90,589.00,580.00,581.01,1286722
8-Sep-14,586.60,591.77,586.30,589.72,1429101
5-Sep-14,583.98,586.55,581.95,586.08,1629477
4-Sep-14,580.00,586.00,579.22,581.98,1459956
3-Sep-14,580.00,582.99,575.00,577.94,1214586
2-Sep-14,571.85,577.83,571.19,577.33,1576830
29-Aug-14,571.33,572.04,567.07,571.60,1081231
28-Aug-14,569.56,573.25,567.10,569.20,1295963
27-Aug-14,577.27,578.49,570.10,571.00,1700161
26-Aug-14,581.26,581.80,576.58,577.86,1635465
25-Aug-14,584.72,585.00,579.00,580.20,1358810
22-Aug-14,583.59,585.24,580.64,582.56,789484
21-Aug-14,583.82,584.50,581.14,583.37,912854
20-Aug-14,585.88,586.70,582.57,584.49,1034779
19-Aug-14,585.00,587.34,584.00,586.86,979298
18-Aug-14,576.11,584.51,576.00,582.16,1282531
15-Aug-14,577.86,579.38,570.52,573.48,1517056
14-Aug-14,576.18,577.90,570.88,574.65,982926
13-Aug-14,567.31,575.00,565.75,574.78,1437922
12-Aug-14,564.52,565.90,560.88,562.73,1537758
11-Aug-14,569.99,570.49,566.00,567.88,1215968
8-Aug-14,563.56,570.25,560.35,568.77,1492491
7-Aug-14,568.00,569.89,561.10,563.36,1108900
6-Aug-14,561.78,570.70,560.00,566.37,1330877
5-Aug-14,570.05,571.98,562.61,565.07,1556685
4-Aug-14,569.04,575.35,564.10,573.15,1427169
1-Aug-14,570.40,575.96,562.85,566.07,1950171
31-Jul-14,580.60,583.65,570.00,571.60,2099516
30-Jul-14,586.55,589.50,584.00,587.42,1013932
29-Jul-14,588.75,589.70,583.52,585.61,1346647
28-Jul-14,588.07,592.50,584.75,590.60,984161
25-Jul-14,590.40,591.86,587.03,589.02,932724
24-Jul-14,596.45,599.50,591.77,593.35,1033341
23-Jul-14,593.23,597.85,592.50,595.98,1229846
22-Jul-14,590.72,599.65,590.60,594.74,1694787
21-Jul-14,591.75,594.40,585.23,589.47,2060334
18-Jul-14,593.00,596.80,582.00,595.08,4006389
17-Jul-14,579.53,580.99,568.61,573.73,3015475
16-Jul-14,588.00,588.40,582.20,582.66,1394560
15-Jul-14,585.74,585.80,576.56,584.78,1618815
14-Jul-14,582.60,585.21,578.03,584.87,1852290
11-Jul-14,571.91,580.85,571.42,579.18,1617569
10-Jul-14,565.91,576.59,565.01,571.10,1353317
9-Jul-14,571.58,576.72,569.38,576.08,1113907
8-Jul-14,577.66,579.53,566.14,571.09,1908647
7-Jul-14,583.76,586.43,579.59,582.25,1061833
3-Jul-14,583.35,585.01,580.92,584.73,712210
2-Jul-14,583.35,585.44,580.39,582.34,1054936
1-Jul-14,578.32,584.40,576.65,582.67,1446309
30-Jun-14,578.66,579.57,574.75,575.28,1310909
27-Jun-14,577.18,579.87,573.80,577.24,2231174
26-Jun-14,581.00,582.45,571.85,576.00,1737210
25-Jun-14,565.26,579.96,565.22,578.65,1964447
24-Jun-14,565.19,572.65,561.01,564.62,2201789
23-Jun-14,555.15,565.00,554.25,564.95,1534659
20-Jun-14,556.85,557.58,550.39,556.36,4496962
19-Jun-14,554.24,555.00,548.51,554.90,2451341
18-Jun-14,544.86,553.56,544.00,553.37,1737343
17-Jun-14,544.20,545.32,539.33,543.01,1445878
16-Jun-14,549.26,549.62,541.52,544.28,1704027
13-Jun-14,552.26,552.30,545.56,551.76,1217176
12-Jun-14,557.30,557.99,548.46,551.35,1457104
11-Jun-14,558.00,559.88,555.02,558.84,1097380
10-Jun-14,560.51,563.60,557.90,560.55,1349444
9-Jun-14,557.15,562.90,556.04,562.12,1463676
6-Jun-14,558.06,558.06,548.93,556.33,1732592
5-Jun-14,546.40,554.95,544.45,553.90,1684886
4-Jun-14,541.50,548.61,538.75,544.66,1812084
3-Jun-14,550.99,552.34,542.55,544.94,1861921
2-Jun-14,560.70,560.90,545.73,553.93,1434989
30-May-14,560.80,561.35,555.91,559.89,1766794
29-May-14,563.35,564.00,558.71,560.08,1350657
28-May-14,564.57,567.84,561.00,561.68,1647717
27-May-14,556.00,566.00,554.35,565.95,2100298
23-May-14,547.26,553.64,543.70,552.70,1929632
22-May-14,541.13,547.60,540.78,545.06,1611837
21-May-14,532.90,539.18,531.91,538.94,1193389
20-May-14,529.74,536.23,526.30,529.77,1780113
19-May-14,519.70,529.78,517.58,528.86,1276362
16-May-14,521.39,521.80,515.44,520.63,1481688
15-May-14,525.70,525.87,517.42,519.98,1703758
14-May-14,533.00,533.00,525.29,526.65,1191863
13-May-14,530.89,536.07,529.51,533.09,1648907
12-May-14,523.51,530.19,519.01,529.92,1908392
9-May-14,510.75,519.90,504.20,518.73,2432783
8-May-14,508.46,517.23,506.45,511.00,2016131
7-May-14,515.79,516.68,503.30,509.96,3216077
6-May-14,525.23,526.81,515.06,515.14,1684381
5-May-14,524.82,528.90,521.32,527.81,1021408
2-May-14,533.76,534.00,525.61,527.93,1685042
1-May-14,527.11,532.93,523.88,531.35,1900432
30-Apr-14,527.60,528.00,522.52,526.66,1746904
29-Apr-14,516.90,529.46,516.32,527.70,2692489
28-Apr-14,517.18,518.60,502.80,517.15,3326429
25-Apr-14,522.51,524.70,515.42,516.18,2097264
24-Apr-14,530.07,531.65,522.12,525.16,1881965
23-Apr-14,533.79,533.87,526.25,526.94,2051066
22-Apr-14,528.64,537.23,527.51,534.81,2359421
21-Apr-14,536.10,536.70,525.60,528.62,2561214
17-Apr-14,548.81,549.50,531.15,536.10,6795393
16-Apr-14,543.00,557.00,540.00,556.54,4879889
15-Apr-14,536.82,538.45,518.46,536.44,3847453
14-Apr-14,538.25,544.10,529.56,532.52,2568020
11-Apr-14,532.55,540.00,526.53,530.60,3916171
10-Apr-14,565.00,565.00,539.90,540.95,4027743
9-Apr-14,559.62,565.37,552.95,564.14,3324742
8-Apr-14,542.60,555.00,541.61,554.90,3152406
7-Apr-14,540.74,548.48,527.15,538.15,4389569
4-Apr-14,574.65,577.77,543.00,543.14,6377658
3-Apr-14,569.85,587.28,564.13,569.74,5087530
2-Apr-14,282.43,571.83,561.44,566.98,2088804
1-Apr-14,559.57,568.18,558.44,566.88,2182626
31-Mar-14,564.63,566.93,555.87,556.70,1942277
28-Mar-14,558.94,566.03,558.33,559.51,2258918
27-Mar-14,564.86,565.40,550.50,556.58,3826676
26-Mar-14,580.42,585.20,565.18,565.42,-
25-Mar-14,582.42,584.34,572.93,578.78,-
24-Mar-14,591.50,591.86,572.40,578.39,-
21-Mar-14,602.55,604.21,590.63,590.93,-
20-Mar-14,599.38,604.20,597.08,597.98,-
19-Mar-14,605.29,605.39,596.61,599.03,-
18-Mar-14,596.74,605.16,595.93,605.02,-
17-Mar-14,589.04,597.94,588.47,595.45,-
14-Mar-14,590.40,594.84,585.68,585.81,-
13-Mar-14,603.37,604.64,591.79,593.94,-
12-Mar-14,597.60,603.32,591.50,603.05,-
11-Mar-14,606.28,606.55,597.72,599.40,-
10-Mar-14,607.24,608.21,601.44,605.18,-
7-Mar-14,612.79,612.88,605.11,606.79,-
6-Mar-14,610.53,612.46,608.69,609.20,-
5-Mar-14,606.92,610.93,605.10,608.52,-
4-Mar-14,606.89,607.39,604.15,606.85,-
3-Mar-14,602.77,603.32,595.47,600.74,-
28-Feb-14,609.56,611.48,602.51,607.22,-
27-Feb-14,608.59,611.50,607.90,609.00,-
26-Feb-14,611.39,613.83,606.27,609.47,-
25-Feb-14,607.36,611.64,604.61,609.39,-
24-Feb-14,602.08,609.47,601.95,605.65,-
21-Feb-14,603.30,604.33,600.82,601.29,-
20-Feb-14,600.97,602.84,599.51,601.45,-
19-Feb-14,602.05,604.00,598.15,600.57,-
18-Feb-14,600.10,605.83,599.40,604.83,-
14-Feb-14,597.21,601.59,595.80,600.80,-
13-Feb-14,589.78,599.35,589.24,599.35,-
12-Feb-14,593.91,594.40,590.10,592.75,-
11-Feb-14,589.49,595.34,585.52,594.49,-
10-Feb-14,585.31,590.61,583.93,585.88,-
7-Feb-14,583.23,588.36,579.70,588.13,-
6-Feb-14,574.99,579.50,573.20,579.40,-
5-Feb-14,571.12,574.81,563.45,571.03,-
4-Feb-14,568.43,576.92,567.94,568.51,-
3-Feb-14,589.01,590.27,565.44,566.15,-
31-Jan-14,585.09,592.68,574.99,589.89,-
30-Jan-14,571.93,575.67,563.06,567.13,-
29-Jan-14,559.00,560.31,549.16,552.91,-
28-Jan-14,554.60,562.31,554.42,560.94,-
27-Jan-14,562.49,562.69,540.59,550.06,-
24-Jan-14,574.93,576.20,560.94,561.35,-
23-Jan-14,579.42,580.66,576.61,579.47,-
22-Jan-14,582.72,583.36,578.85,581.93,-
21-Jan-14,579.88,581.42,575.07,581.27,-
17-Jan-14,577.85,579.73,571.53,574.69,-
16-Jan-14,573.98,578.39,573.43,577.53,-
15-Jan-14,575.92,576.92,571.32,573.74,-
14-Jan-14,568.41,574.92,563.48,574.13,-
13-Jan-14,562.67,572.88,558.03,560.93,-
10-Jan-14,568.97,568.97,560.56,564.52,-
9-Jan-14,571.15,571.54,562.22,564.55,-
8-Jan-14,572.43,573.09,566.08,570.04,-
7-Jan-14,561.94,569.28,560.02,568.86,-
6-Jan-14,555.95,558.87,552.67,558.10,-
3-Jan-14,556.94,557.91,551.91,551.95,-
2-Jan-14,557.17,558.32,553.58,556.00,-
31-Dec-13,555.56,559.94,552.58,559.79,-
30-Dec-13,559.61,559.69,553.96,554.18,-
27-Dec-13,559.44,559.58,555.91,558.64,-
26-Dec-13,556.45,558.94,553.79,558.17,-
24-Dec-13,556.93,557.06,553.50,555.36,-
23-Dec-13,553.37,557.34,552.01,556.99,-
20-Dec-13,544.10,550.03,543.46,549.76,-
19-Dec-13,540.18,545.45,539.00,542.57,-
18-Dec-13,535.46,541.93,528.99,541.83,-
17-Dec-13,536.51,539.84,533.66,534.40,-
16-Dec-13,530.97,536.81,530.47,535.95,-
13-Dec-13,537.07,537.61,528.41,529.86,-
12-Dec-13,539.25,540.93,533.97,534.45,-
11-Dec-13,543.16,545.11,537.05,538.11,-
10-Dec-13,537.29,545.61,537.29,541.79,-
9-Dec-13,534.51,540.61,533.48,538.53,-
6-Dec-13,534.36,534.46,529.51,534.40,-
5-Dec-13,528.07,529.30,525.02,528.14,-
4-Dec-13,525.16,531.46,524.48,528.56,-
3-Dec-13,524.95,531.19,523.99,526.10,-
2-Dec-13,531.22,532.64,524.85,526.71,-
29-Nov-13,530.55,532.78,529.20,529.27,-
27-Nov-13,530.48,533.47,529.47,531.02,-
26-Nov-13,523.78,530.22,520.95,528.68,-
25-Nov-13,518.06,526.07,516.99,522.44,-
22-Nov-13,516.19,517.57,514.10,515.43,-
21-Nov-13,512.99,518.64,512.49,516.52,-
20-Nov-13,514.46,516.16,509.67,510.64,-
19-Nov-13,515.34,516.86,511.01,512.09,-
18-Nov-13,517.36,523.85,514.11,515.26,-
15-Nov-13,516.92,518.48,514.64,516.26,-
14-Nov-13,516.44,519.36,514.66,517.10,-
13-Nov-13,502.87,515.91,502.75,515.72,-
12-Nov-13,503.35,508.27,502.00,505.38,-
11-Nov-13,504.25,507.46,503.50,504.79,-
8-Nov-13,503.87,508.74,503.75,507.51,-
7-Nov-13,510.79,511.45,503.32,503.47,-
6-Nov-13,512.29,512.99,507.18,510.86,-
5-Nov-13,509.66,515.31,508.20,510.25,-
4-Nov-13,515.23,515.67,510.50,512.54,-
1-Nov-13,515.38,517.48,512.04,513.01,-
31-Oct-13,513.95,520.24,511.47,514.77,-
30-Oct-13,518.20,518.24,512.49,514.69,-
29-Oct-13,509.04,517.95,506.24,517.60,-
28-Oct-13,507.09,511.20,505.99,506.99,-
25-Oct-13,513.90,513.90,504.86,507.09,-
24-Oct-13,515.42,519.76,511.89,512.26,-
23-Oct-13,500.00,516.86,499.81,515.19,-
22-Oct-13,502.00,505.99,497.40,503.00,-
21-Oct-13,505.22,508.99,499.28,501.15,-
18-Oct-13,487.80,507.22,486.51,505.20,-
17-Oct-13,446.05,448.00,442.42,443.95,-
16-Oct-13,442.49,448.72,441.56,448.56,-
15-Oct-13,437.44,442.37,436.56,440.56,-
14-Oct-13,432.90,437.69,432.26,437.62,-
11-Oct-13,432.58,436.30,432.22,435.56,-
10-Oct-13,431.49,433.98,429.67,433.69,-
9-Oct-13,427.71,430.89,421.07,427.50,-
8-Oct-13,432.23,432.56,425.39,426.41,-
7-Oct-13,433.29,436.56,431.62,432.44,-
4-Oct-13,437.06,438.32,434.56,435.74,-
3-Oct-13,443.56,446.60,435.61,437.61,-
2-Oct-13,440.92,444.23,438.47,443.55,-
1-Oct-13,439.68,443.39,439.58,443.06,-
30-Sep-13,434.11,439.98,433.72,437.52,-
27-Sep-13,436.97,438.32,435.22,437.76,-
26-Sep-13,438.71,440.93,437.06,438.65,-
25-Sep-13,442.83,442.83,437.36,438.18,-
24-Sep-13,442.81,444.60,440.26,442.98,-
23-Sep-13,447.63,450.34,442.16,442.81,-
20-Sep-13,448.75,451.61,447.36,451.10,-
19-Sep-13,452.54,452.54,447.25,448.75,-
18-Sep-13,442.73,451.53,441.09,451.21,-
17-Sep-13,443.26,443.75,440.06,442.61,-
16-Sep-13,447.65,448.05,441.99,443.44,-
13-Sep-13,446.80,447.39,441.98,444.09,-
12-Sep-13,448.25,448.50,444.56,446.08,-
11-Sep-13,443.83,448.04,442.60,447.65,-
10-Sep-13,444.56,445.55,441.56,443.89,-
9-Sep-13,441.42,444.43,440.77,443.58,-
6-Sep-13,440.78,441.45,436.43,439.35,-
5-Sep-13,436.31,439.50,435.37,439.34,-
4-Sep-13,429.74,436.31,427.16,435.38,-
3-Sep-13,426.75,432.66,426.55,429.76,-
30-Aug-13,427.45,428.59,422.36,423.03,-
29-Aug-13,424.11,429.76,423.87,427.29,-
28-Aug-13,424.70,427.28,423.46,423.85,-
27-Aug-13,429.38,431.43,423.53,424.65,-
26-Aug-13,434.56,437.01,432.59,432.76,-
23-Aug-13,438.48,438.56,434.44,434.67,-
22-Aug-13,435.91,436.94,434.69,436.42,-
21-Aug-13,434.89,438.02,432.82,434.23,-
20-Aug-13,433.74,435.62,431.34,432.28,-
19-Aug-13,428.43,435.56,428.30,432.39,-
16-Aug-13,430.21,430.79,427.84,428.03,-
15-Aug-13,431.79,432.03,428.57,429.40,-
14-Aug-13,438.75,439.67,433.15,434.47,-
13-Aug-13,442.97,443.81,437.66,440.18,-
12-Aug-13,443.01,443.06,440.38,442.31,-
9-Aug-13,444.83,447.31,444.56,444.76,-
8-Aug-13,447.30,447.47,442.20,445.88,-
7-Aug-13,447.07,448.78,444.10,444.88,-
6-Aug-13,451.89,454.40,447.42,447.84,-
5-Aug-13,452.24,452.31,449.15,452.05,-
2-Aug-13,451.27,453.05,449.96,452.83,-
1-Aug-13,447.05,451.82,447.05,451.66,-
31-Jul-13,446.05,447.81,442.65,443.43,-
30-Jul-13,442.29,447.36,439.99,445.01,-
29-Jul-13,442.01,446.96,440.00,440.69,-
26-Jul-13,443.05,444.55,440.56,442.23,-
25-Jul-13,446.49,447.98,442.60,443.41,-
24-Jul-13,453.18,454.69,449.90,451.00,-
23-Jul-13,454.89,456.04,449.34,451.45,-
22-Jul-13,450.55,455.88,448.05,454.89,-
19-Jul-13,442.86,451.02,437.37,447.85,-
18-Jul-13,459.04,459.54,451.14,454.88,-
17-Jul-13,460.04,462.97,457.69,458.82,-
16-Jul-13,463.10,463.52,456.49,459.34,-
15-Jul-13,461.69,463.54,457.72,461.88,-
12-Jul-13,459.54,461.04,457.16,461.04,-
11-Jul-13,456.04,459.94,453.81,459.66,-
10-Jul-13,451.27,455.11,449.74,452.54,-
9-Jul-13,455.04,456.02,448.54,452.17,-
8-Jul-13,449.16,452.68,448.09,452.09,-
5-Jul-13,444.56,447.26,443.23,446.30,-
3-Jul-13,439.51,444.14,438.81,442.77,-
2-Jul-13,444.65,445.05,438.20,440.71,-
1-Jul-13,442.78,445.59,442.06,443.50,-
28-Jun-13,437.01,440.48,436.66,439.74,-
27-Jun-13,438.96,441.90,437.89,438.10,-
26-Jun-13,436.44,438.56,434.85,436.39,-
25-Jun-13,438.19,439.40,431.82,432.67,-
24-Jun-13,435.50,437.72,431.19,434.46,-
21-Jun-13,443.73,444.50,436.10,440.02,-
20-Jun-13,446.55,450.05,441.21,441.93,-
19-Jun-13,450.23,454.96,448.30,449.89,-
18-Jun-13,443.88,450.05,443.73,449.86,-
17-Jun-13,439.18,444.27,438.70,442.68,-
14-Jun-13,439.61,441.91,436.63,437.08,-
13-Jun-13,434.06,439.39,432.32,438.06,-
12-Jun-13,442.29,442.56,434.39,435.55,-
11-Jun-13,441.54,443.06,439.32,439.47,-
10-Jun-13,440.61,445.05,439.60,444.66,-
7-Jun-13,434.77,439.56,432.23,439.43,-
6-Jun-13,431.72,432.73,423.19,431.89,-
5-Jun-13,430.82,434.29,428.14,429.42,-
4-Jun-13,433.49,434.86,426.61,429.12,-
3-Jun-13,431.34,436.55,427.08,433.38,-
31-May-13,433.63,438.06,433.33,435.17,-
30-May-13,434.53,439.01,432.77,434.94,-
29-May-13,437.42,438.56,431.71,433.72,-
28-May-13,441.31,445.62,439.76,440.19,-
24-May-13,437.19,438.97,435.07,436.22,-
23-May-13,438.06,444.54,436.56,440.95,-
22-May-13,450.83,454.20,443.00,444.27,-
21-May-13,453.56,455.37,448.36,453.03,-
20-May-13,452.05,459.84,452.05,453.81,-
17-May-13,454.56,456.29,449.81,454.14,-
16-May-13,459.04,459.53,450.55,451.48,-
15-May-13,447.30,457.73,446.56,457.49,-
14-May-13,438.31,443.90,438.13,443.11,-
13-May-13,439.01,440.79,436.25,438.33,-
10-May-13,437.22,439.83,435.64,439.67,-
9-May-13,434.98,439.39,433.68,435.30,-
8-May-13,428.07,436.50,426.03,436.38,-
7-May-13,431.07,431.50,424.91,428.19,-
6-May-13,423.71,430.49,423.71,430.34,-
3-May-13,418.06,422.98,417.58,422.44,-
2-May-13,409.64,416.86,409.12,414.39,-
1-May-13,411.22,411.95,407.77,409.80,-
30-Apr-13,409.09,413.41,408.43,411.87,-
29-Apr-13,401.22,410.94,401.10,409.12,-
26-Apr-13,403.40,403.47,397.89,400.31,-
25-Apr-13,407.72,407.83,403.41,404.15,-
24-Apr-13,403.65,408.59,403.60,406.32,-
23-Apr-13,400.10,407.34,399.78,403.55,-
22-Apr-13,399.90,401.58,387.11,399.66,-
19-Apr-13,384.20,401.32,382.75,399.54,-
18-Apr-13,392.28,392.51,380.25,382.57,-
17-Apr-13,392.98,395.03,388.66,390.89,-
16-Apr-13,392.90,397.60,391.57,396.29,-
15-Apr-13,392.58,398.10,388.12,390.57,-
12-Apr-13,395.60,395.66,391.07,394.63,-
11-Apr-13,396.04,396.15,391.64,394.80,-
10-Apr-13,391.07,395.78,387.61,394.69,-
9-Apr-13,387.36,391.48,386.17,388.44,-
8-Apr-13,388.99,389.39,383.82,387.04,-
5-Apr-13,392.64,393.10,387.81,391.13,-
4-Apr-13,401.72,402.47,395.25,397.14,-
3-Apr-13,406.32,406.69,399.93,402.70,-
2-Apr-13,401.87,407.01,401.60,406.11,-
1-Apr-13,397.11,400.72,396.23,400.19,-
28-Mar-13,401.59,402.28,396.25,396.70,-
27-Mar-13,402.94,403.10,400.26,400.93,-
26-Mar-13,406.34,406.59,403.49,405.80,-
25-Mar-13,405.80,409.21,403.01,404.42,-
22-Mar-13,406.96,407.21,404.42,404.75,-
21-Mar-13,405.24,408.05,404.52,405.22,-
20-Mar-13,408.01,408.35,405.31,406.95,-
19-Mar-13,405.21,409.22,402.82,405.25,-
18-Mar-13,402.10,405.97,400.33,403.49,-
15-Mar-13,408.84,409.74,406.26,406.74,-
14-Mar-13,413.08,413.08,408.29,410.36,-
13-Mar-13,413.54,414.93,410.74,412.24,-
12-Mar-13,414.94,415.53,411.42,413.39,-
11-Mar-13,415.43,419.43,415.33,416.99,-
8-Mar-13,416.83,417.04,412.11,415.34,-
7-Mar-13,416.61,417.89,414.38,415.88,-
6-Mar-13,420.09,421.58,413.99,415.27,-
5-Mar-13,414.05,419.65,414.04,418.88,-
4-Mar-13,402.25,411.01,402.10,410.34,-
1-Mar-13,398.50,403.17,397.68,402.69,-
28-Feb-13,400.15,403.09,400.11,400.20,-
27-Feb-13,397.00,401.97,395.16,399.49,-
26-Feb-13,397.10,397.58,391.81,394.67,-
25-Feb-13,400.75,403.80,394.85,394.99,-
22-Feb-13,399.23,400.22,396.50,399.46,-
21-Feb-13,398.60,402.32,395.21,397.37,-
20-Feb-13,402.25,404.08,395.50,395.83,-
19-Feb-13,397.60,403.10,397.24,403.02,-
15-Feb-13,393.31,396.23,393.14,396.05,-
14-Feb-13,389.48,393.98,388.50,393.52,-
13-Feb-13,389.67,392.28,389.60,391.04,-
12-Feb-13,390.48,393.56,389.30,389.96,-
11-Feb-13,388.81,391.11,386.49,390.82,-
8-Feb-13,389.67,392.94,389.39,392.29,-
7-Feb-13,384.47,389.02,382.37,386.59,-
6-Feb-13,379.16,386.09,378.87,384.70,-
5-Feb-13,380.18,385.17,379.35,382.49,-
4-Feb-13,383.46,384.85,378.76,379.13,-
1-Feb-13,378.70,387.90,378.70,387.40,-
31-Jan-13,374.88,378.43,374.75,377.47,-
30-Jan-13,376.49,380.09,376.08,376.54,-
29-Jan-13,373.00,378.10,372.90,376.46,-
28-Jan-13,375.50,377.42,373.57,374.99,-
25-Jan-13,375.01,378.86,374.75,376.46,-
24-Jan-13,370.25,378.04,369.88,376.54,-
23-Jan-13,367.63,374.13,367.53,370.38,-
22-Jan-13,351.98,352.32,347.41,351.08,-
18-Jan-13,354.82,356.03,350.31,351.90,-
17-Jan-13,358.50,359.46,355.15,355.30,-
16-Jan-13,360.84,361.81,356.48,357.24,-
15-Jan-13,359.31,367.13,355.69,362.10,-
14-Jan-13,368.13,370.73,360.81,361.26,-
11-Jan-13,370.63,370.84,367.78,369.62,-
10-Jan-13,371.04,372.13,366.38,370.37,-
9-Jan-13,365.77,368.81,363.94,368.69,-
8-Jan-13,367.40,367.78,361.85,366.28,-
7-Jan-13,367.36,369.32,364.92,367.01,-
4-Jan-13,364.31,370.36,363.48,368.62,-
3-Jan-13,362.10,365.60,360.00,361.47,-
2-Jan-13,359.35,363.14,357.92,361.26,-
31-Dec-12,349.65,354.93,347.65,353.34,-
28-Dec-12,350.49,353.10,349.65,349.65,-
27-Dec-12,353.22,354.07,348.96,352.79,-
26-Dec-12,353.68,356.08,350.85,354.08,-
24-Dec-12,356.90,357.23,353.38,354.40,-
21-Dec-12,356.63,359.05,354.90,357.46,-
20-Dec-12,361.27,361.96,358.13,360.82,-
19-Dec-12,359.99,361.14,357.98,359.69,-
18-Dec-12,357.94,364.19,357.17,360.17,-
17-Dec-12,352.40,368.77,351.66,360.03,-
14-Dec-12,349.24,353.56,348.87,350.63,-
13-Dec-12,357.60,357.88,349.42,351.00,-
12-Dec-12,349.27,351.40,346.39,348.43,-
11-Dec-12,344.66,350.61,343.52,348.09,-
10-Dec-12,342.35,345.48,341.55,342.37,-
7-Dec-12,347.15,348.09,340.87,341.76,-
6-Dec-12,343.45,347.46,341.91,345.22,-
5-Dec-12,345.73,346.90,340.82,343.57,-
4-Dec-12,347.15,347.41,342.51,345.17,-
3-Dec-12,350.77,352.59,346.71,347.28,-
30-Nov-12,345.31,349.26,342.50,348.84,-
29-Nov-12,343.55,346.60,340.66,345.60,-
28-Nov-12,333.67,342.11,331.61,341.49,-
27-Nov-12,329.75,337.16,328.67,335.02,-
26-Nov-12,332.89,333.17,329.18,330.24,-
23-Nov-12,334.65,334.66,332.72,333.65,-
21-Nov-12,334.16,334.57,329.87,332.60,-
20-Nov-12,334.42,338.66,331.95,334.65,-
19-Nov-12,327.52,334.13,327.44,333.77,-
16-Nov-12,322.67,326.18,317.68,323.27,-
15-Nov-12,324.68,329.67,321.63,323.31,-
14-Nov-12,330.00,330.76,324.92,325.95,-
13-Nov-12,331.17,333.47,328.79,329.20,-
12-Nov-12,331.54,334.57,330.10,332.62,-
9-Nov-12,327.00,333.84,324.82,331.18,-
8-Nov-12,334.76,335.41,325.29,325.82,-
7-Nov-12,337.16,338.78,332.91,333.23,-
6-Nov-12,342.40,342.91,338.44,340.52,-
5-Nov-12,341.91,343.09,337.44,341.14,-
2-Nov-12,347.05,347.43,343.34,343.62,-
1-Nov-12,339.41,345.10,339.02,343.45,-
31-Oct-12,339.59,340.16,337.16,339.81,-
26-Oct-12,337.91,341.17,335.26,337.24,-
25-Oct-12,339.66,340.66,336.42,338.54,-
24-Oct-12,343.06,343.16,337.30,338.31,-
23-Oct-12,335.67,343.32,335.66,339.83,-
22-Oct-12,340.16,341.97,334.52,339.00,-
19-Oct-12,352.44,353.00,335.66,340.55,-
18-Oct-12,377.39,379.33,337.66,347.15,-
17-Oct-12,371.60,377.79,369.76,377.37,-
16-Oct-12,369.69,373.12,367.86,371.98,-
15-Oct-12,370.60,371.54,364.98,370.12,-
12-Oct-12,375.55,377.06,371.68,372.00,-
11-Oct-12,376.07,378.87,374.77,375.36,-
10-Oct-12,370.56,373.39,368.78,371.91,-
9-Oct-12,379.46,380.28,370.89,371.67,-
8-Oct-12,380.12,381.41,376.70,378.54,-
5-Oct-12,384.97,386.80,382.12,383.44,-
4-Oct-12,380.99,384.56,379.32,383.64,-
3-Oct-12,377.48,381.58,375.72,380.87,-
2-Oct-12,382.22,382.61,374.76,378.12,-
1-Oct-12,379.15,382.12,377.73,380.51,-
28-Sep-12,376.70,379.27,375.20,376.87,-
27-Sep-12,379.60,381.04,375.45,377.87,-
26-Sep-12,374.55,380.24,370.13,376.35,-
25-Sep-12,376.15,382.06,373.46,374.21,-
24-Sep-12,365.13,374.64,364.76,374.32,-
21-Sep-12,365.74,367.09,364.69,366.63,-
20-Sep-12,361.87,365.32,360.25,363.69,-
19-Sep-12,358.39,363.92,357.85,363.39,-
18-Sep-12,353.54,358.97,353.04,358.78,-
17-Sep-12,353.70,356.08,352.15,354.64,-
14-Sep-12,354.45,356.14,353.15,354.49,-
13-Sep-12,346.20,354.15,344.92,352.67,-
12-Sep-12,344.36,347.11,340.10,345.10,-
11-Sep-12,348.63,349.97,345.15,345.75,-
10-Sep-12,354.53,356.05,348.85,350.03,-
7-Sep-12,349.65,355.77,348.49,352.72,-
6-Sep-12,342.64,349.60,342.02,349.35,-
5-Sep-12,339.66,342.91,339.23,340.02,-
4-Sep-12,341.93,342.16,336.41,340.18,-
31-Aug-12,341.66,343.95,339.68,342.20,-
30-Aug-12,341.78,343.35,339.75,340.50,-
29-Aug-12,338.35,344.15,337.74,343.66,-
28-Aug-12,332.17,338.47,332.04,338.29,-
27-Aug-12,331.16,335.66,329.29,334.28,-
24-Aug-12,337.46,339.88,336.70,338.98,-
23-Aug-12,336.80,339.90,335.16,338.06,-
22-Aug-12,333.36,339.96,333.02,338.25,-
21-Aug-12,336.22,338.66,330.75,334.42,-
20-Aug-12,337.41,339.10,335.99,337.43,-
17-Aug-12,336.72,338.29,335.51,338.23,-
16-Aug-12,333.42,336.98,333.21,336.10,-
15-Aug-12,334.80,336.79,331.72,333.44,-
14-Aug-12,329.30,336.09,329.17,334.00,-
13-Aug-12,323.39,329.74,323.02,329.67,-
10-Aug-12,318.98,320.80,317.75,320.68,-
9-Aug-12,321.93,322.86,320.44,320.85,-
8-Aug-12,319.21,322.61,318.93,320.79,-
7-Aug-12,320.57,321.81,317.92,319.95,-
6-Aug-12,319.49,324.37,319.29,321.09,-
3-Aug-12,319.68,321.54,317.75,320.34,-
2-Aug-12,312.44,318.70,311.39,314.06,-
1-Aug-12,318.33,319.43,315.37,316.02,-
31-Jul-12,313.82,317.93,313.80,316.17,-
30-Jul-12,317.71,320.98,314.44,315.83,-
27-Jul-12,309.14,317.18,308.44,317.16,-
26-Jul-12,307.19,308.13,304.71,306.37,-
25-Jul-12,303.86,306.38,302.38,303.69,-
24-Jul-12,307.19,308.66,301.87,303.48,-
23-Jul-12,299.94,308.87,298.83,307.45,-
20-Jul-12,304.08,306.16,298.79,305.10,-
19-Jul-12,292.78,298.94,292.71,296.23,-
18-Jul-12,288.20,291.55,287.78,290.09,-
17-Jul-12,288.93,290.04,283.92,288.08,-
16-Jul-12,287.90,289.31,285.60,287.17,-
13-Jul-12,285.79,289.28,283.99,287.97,-
12-Jul-12,283.28,285.68,280.76,284.95,-
11-Jul-12,287.86,288.64,282.19,285.31,-
10-Jul-12,294.80,295.92,289.08,290.56,-
9-Jul-12,292.18,294.01,290.33,292.71,-
6-Jul-12,295.93,296.46,291.12,292.70,-
5-Jul-12,294.09,299.73,293.98,297.66,-
3-Jul-12,289.71,293.91,288.71,293.62,-
2-Jul-12,290.62,291.21,287.96,289.94,-
29-Jun-12,287.19,289.77,285.81,289.74,-
28-Jun-12,282.67,282.83,278.33,281.87,-
27-Jun-12,283.57,286.71,282.73,284.36,-
26-Jun-12,281.10,283.02,279.46,282.06,-
25-Jun-12,283.38,283.76,278.40,280.07,-
22-Jun-12,283.72,285.45,282.63,285.45,-
21-Jun-12,289.63,289.63,281.58,282.32,-
20-Jun-12,289.62,289.71,286.47,288.47,-
19-Jun-12,286.51,291.85,286.27,290.47,-
18-Jun-12,281.03,286.82,279.35,285.14,-
15-Jun-12,279.89,281.98,278.27,281.97,-
14-Jun-12,280.37,282.25,277.98,279.25,-
13-Jun-12,280.58,283.22,279.06,280.26,-
12-Jun-12,284.60,284.86,279.01,282.27,-
11-Jun-12,291.81,292.37,283.06,283.97,-
8-Jun-12,287.64,290.21,287.00,289.93,-
7-Jun-12,293.51,293.65,288.34,288.83,-
6-Jun-12,287.95,290.69,286.52,289.99,-
5-Jun-12,287.44,288.78,282.95,284.92,-
4-Jun-12,284.82,289.95,284.72,289.01,-
1-Jun-12,285.61,286.04,283.89,285.20,-
31-May-12,294.07,294.70,289.21,290.14,-
30-May-12,293.79,295.65,291.47,293.82,-
29-May-12,297.61,299.27,293.87,296.87,-
25-May-12,300.20,300.56,293.85,295.47,-
24-May-12,304.28,305.65,299.14,301.53,-
23-May-12,300.52,304.50,298.26,304.43,-
22-May-12,306.41,306.60,297.70,300.10,-
21-May-12,299.96,307.54,299.70,306.75,-
18-May-12,312.24,315.89,298.05,299.90,-
17-May-12,316.60,318.61,310.30,311.21,-
16-May-12,308.67,314.73,307.66,314.15,-
15-May-12,302.37,307.19,301.57,305.25,-
14-May-12,300.09,303.95,299.99,301.70,-
11-May-12,304.87,306.97,302.08,302.31,-
10-May-12,306.17,307.79,304.81,306.52,-
9-May-12,303.11,307.88,300.60,304.27,-
8-May-12,302.46,308.14,300.05,306.09,-
7-May-12,297.20,304.98,297.20,303.47,-
4-May-12,302.66,303.64,298.11,298.19,-
3-May-12,304.51,307.11,304.17,305.20,-
2-May-12,300.30,303.75,300.00,303.33,-
1-May-12,301.59,305.49,299.79,301.91,-
30-Apr-12,306.19,307.73,300.00,302.12,-
27-Apr-12,307.20,308.06,304.99,307.18,-
26-Apr-12,305.15,308.69,304.55,307.43,-
25-Apr-12,301.70,305.37,301.14,304.56,-
24-Apr-12,298.82,303.01,298.36,300.33,-
23-Apr-12,296.15,298.93,294.80,298.50,-
20-Apr-12,301.82,304.12,297.62,297.73,-
19-Apr-12,302.54,307.82,299.20,299.35,-
18-Apr-12,303.72,306.09,301.10,303.42,-
17-Apr-12,303.98,308.54,303.20,304.48,-
16-Apr-12,311.19,311.59,300.53,302.73,-
13-Apr-12,323.45,324.17,311.46,311.99,-
12-Apr-12,320.85,326.24,319.81,325.18,-
11-Apr-12,316.67,317.68,315.33,317.66,-
10-Apr-12,316.44,316.93,311.96,313.12,-
9-Apr-12,313.93,317.35,312.33,315.10,-
5-Apr-12,315.80,317.90,313.97,315.84,-
4-Apr-12,318.91,319.18,315.23,317.26,-
3-Apr-12,322.38,323.65,319.00,320.99,-
2-Apr-12,320.06,323.43,317.10,323.14,-
30-Mar-12,325.55,326.42,320.18,320.30,-
29-Mar-12,326.39,327.97,321.83,323.88,-
28-Mar-12,325.69,328.96,325.21,327.55,-
27-Mar-12,323.19,326.42,322.08,323.19,-
26-Mar-12,322.18,324.42,319.45,324.34,-
23-Mar-12,322.98,323.93,320.13,320.97,-
22-Mar-12,318.93,324.08,315.18,322.70,-
21-Mar-12,316.99,323.37,315.94,319.67,-
20-Mar-12,315.14,317.71,313.32,316.43,-
19-Mar-12,311.25,318.32,310.31,316.67,-
16-Mar-12,310.14,312.64,309.72,312.21,-
15-Mar-12,307.99,311.44,307.11,310.25,-
14-Mar-12,307.19,311.08,306.42,307.69,-
13-Mar-12,304.07,308.62,302.47,308.58,-
12-Mar-12,299.70,303.20,299.33,302.27,-
9-Mar-12,303.67,305.64,299.70,299.82,-
8-Mar-12,304.71,305.44,302.87,303.27,-
7-Mar-12,304.22,305.29,302.63,303.10,-
6-Mar-12,303.72,304.10,296.62,302.18,-
5-Mar-12,309.90,310.93,305.38,306.82,-
2-Mar-12,310.69,311.69,309.85,310.31,-
1-Mar-12,310.82,312.54,308.77,310.89,-
29-Feb-12,308.99,312.49,307.44,308.82,-
28-Feb-12,304.70,309.58,303.54,308.89,-
27-Feb-12,302.99,305.87,302.23,304.35,-
24-Feb-12,303.37,305.52,302.45,304.65,-
23-Feb-12,303.20,303.67,299.87,302.75,-
22-Feb-12,305.67,308.08,303.05,303.67,-
21-Feb-12,301.63,308.63,301.14,306.69,-
17-Feb-12,302.18,303.51,300.90,302.02,-
16-Feb-12,301.11,304.10,298.57,302.96,-
15-Feb-12,306.16,306.16,300.98,302.48,-
14-Feb-12,305.46,305.69,302.08,304.58,-
13-Feb-12,304.94,306.61,304.70,305.79,-
10-Feb-12,303.64,303.76,301.70,302.65,-
9-Feb-12,305.70,306.94,304.20,305.42,-
8-Feb-12,304.02,305.37,302.07,304.62,-
7-Feb-12,303.27,304.39,301.58,303.08,-
6-Feb-12,297.21,305.11,296.71,304.24,-
3-Feb-12,295.03,298.24,293.73,297.87,-
2-Feb-12,292.14,292.91,290.75,292.26,-
1-Feb-12,292.18,292.46,289.28,290.12,-
31-Jan-12,291.21,291.71,287.29,289.76,-
30-Jan-12,288.74,289.71,286.41,288.56,-
27-Jan-12,285.10,289.87,284.38,289.70,-
26-Jan-12,285.70,286.95,281.99,283.77,-
25-Jan-12,288.47,289.07,282.91,284.46,-
24-Jan-12,292.87,293.55,288.71,290.17,-
23-Jan-12,292.71,294.04,291.29,292.47,-
20-Jan-12,294.97,295.20,290.56,292.70,-
19-Jan-12,320.17,320.17,315.41,319.47,-
18-Jan-12,313.00,316.68,310.75,316.14,-
17-Jan-12,315.67,315.67,312.53,313.98,-
13-Jan-12,312.82,313.16,310.22,312.18,-
12-Jan-12,315.29,316.13,312.94,314.51,-
11-Jan-12,311.44,314.38,310.25,312.67,-
10-Jan-12,314.56,316.58,308.15,311.26,-
9-Jan-12,322.93,323.18,310.30,310.92,-
6-Jan-12,329.25,329.67,324.57,324.68,-
5-Jan-12,330.73,331.65,327.79,329.18,-
4-Jan-12,332.18,334.79,329.98,333.81,-
3-Jan-12,326.14,333.74,325.86,332.37,-
30-Dec-11,320.69,323.06,320.69,322.63,-
29-Dec-11,320.42,321.18,317.28,320.88,-
28-Dec-11,321.05,322.18,318.73,319.53,-
27-Dec-11,315.71,321.92,315.68,319.80,-
23-Dec-11,315.68,317.02,314.96,316.25,-
22-Dec-11,313.66,315.55,313.19,314.54,-
21-Dec-11,314.69,315.59,309.17,312.60,-
20-Dec-11,313.69,315.60,313.68,314.87,-
19-Dec-11,313.69,313.94,309.69,310.60,-
16-Dec-11,311.85,314.35,310.42,312.67,-
15-Dec-11,310.95,311.69,309.04,309.46,-
14-Dec-11,310.61,311.85,305.94,308.73,-
13-Dec-11,314.07,317.96,311.11,312.50,-
12-Dec-11,310.63,312.78,309.83,312.38,-
9-Dec-11,308.69,314.25,308.20,313.40,-
8-Dec-11,310.21,313.41,307.34,307.72,-
7-Dec-11,310.53,312.52,308.74,311.38,-
6-Dec-11,311.18,314.00,309.81,311.57,-
5-Dec-11,313.51,315.63,310.89,312.51,-
2-Dec-11,308.22,311.69,307.82,309.87,-
1-Dec-11,299.70,307.69,299.20,306.58,-
30-Nov-11,298.68,299.46,295.75,299.40,-
29-Nov-11,293.65,294.88,290.37,291.17,-
28-Nov-11,289.40,294.12,287.96,293.80,-
25-Nov-11,282.31,286.85,280.38,281.22,-
23-Nov-11,287.39,289.83,284.77,284.77,-
22-Nov-11,289.71,292.19,287.33,289.71,-
21-Nov-11,293.59,293.96,285.76,290.18,-
18-Nov-11,300.70,301.95,296.58,297.14,-
17-Nov-11,304.72,305.84,298.09,300.13,-
16-Nov-11,305.73,308.84,305.00,305.43,-
15-Nov-11,306.09,308.73,304.94,307.97,-
14-Nov-11,303.70,308.73,303.59,306.19,-
11-Nov-11,300.35,305.74,299.00,303.87,-
10-Nov-11,302.66,302.67,295.48,297.24,-
9-Nov-11,301.83,304.39,299.03,300.17,-
8-Nov-11,304.20,306.88,301.50,305.86,-
7-Nov-11,296.36,304.09,295.82,303.86,-
4-Nov-11,296.45,299.57,295.92,297.77,-
3-Nov-11,293.21,298.45,291.57,298.45,-
2-Nov-11,292.16,293.69,289.95,292.12,-
1-Nov-11,289.76,292.46,288.09,289.04,-
31-Oct-11,297.25,299.55,295.54,296.02,-
28-Oct-11,296.96,300.85,296.83,299.77,-
27-Oct-11,298.91,301.05,296.35,299.04,-
26-Oct-11,294.48,294.79,286.14,292.86,-
25-Oct-11,296.25,297.20,291.13,291.29,-
24-Oct-11,293.07,299.69,292.96,297.91,-
21-Oct-11,294.46,296.08,293.06,294.95,-
20-Oct-11,290.66,294.15,289.47,291.54,-
19-Oct-11,293.38,295.73,289.32,290.06,-
18-Oct-11,289.80,295.98,288.41,294.96,-
17-Oct-11,291.57,295.62,288.71,290.91,-
14-Oct-11,299.44,299.50,293.49,295.54,-
13-Oct-11,274.74,279.22,273.74,279.22,-
12-Oct-11,273.79,277.34,272.04,273.98,-
11-Oct-11,266.46,273.13,266.46,271.32,-
10-Oct-11,262.33,268.47,261.34,268.32,-
7-Oct-11,258.16,259.99,254.89,257.30,-
6-Oct-11,253.50,257.36,251.05,257.10,-
5-Oct-11,247.93,253.65,240.14,252.10,-
4-Oct-11,244.77,251.47,240.06,250.70,-
3-Oct-11,254.67,255.74,247.25,247.51,-
30-Sep-11,259.84,261.74,256.93,257.26,-
29-Sep-11,267.75,268.38,259.45,263.49,-
28-Sep-11,270.48,271.74,263.59,264.16,-
27-Sep-11,268.83,273.25,267.76,269.40,-
26-Sep-11,263.36,266.20,256.37,265.68,-
23-Sep-11,258.02,262.95,256.99,262.49,-
22-Sep-11,262.86,264.12,256.74,260.07,-
21-Sep-11,273.57,277.22,269.16,269.33,-
20-Sep-11,274.42,278.98,271.06,273.04,-
19-Sep-11,269.90,274.68,267.42,273.06,-
16-Sep-11,272.13,273.15,271.30,273.07,-
15-Sep-11,267.48,272.22,267.01,271.01,-
14-Sep-11,266.03,268.21,262.65,265.77,-
13-Sep-11,265.73,266.67,261.44,264.50,-
12-Sep-11,258.72,265.73,258.49,264.79,-
9-Sep-11,265.43,267.06,260.33,262.16,-
8-Sep-11,266.63,269.28,265.68,267.21,-
7-Sep-11,264.96,267.70,263.44,266.75,-
6-Sep-11,255.14,261.12,254.99,260.83,-
2-Sep-11,261.97,263.70,260.10,262.16,-
1-Sep-11,270.10,271.64,265.34,265.98,-
31-Aug-11,272.10,272.88,267.73,270.21,-
30-Aug-11,268.83,271.22,265.14,270.08,-
29-Aug-11,267.01,269.46,266.51,269.27,-
26-Aug-11,259.74,264.96,256.31,263.17,-
25-Aug-11,264.92,268.37,258.89,259.76,-
24-Aug-11,259.41,264.74,258.36,261.38,-
23-Aug-11,251.50,260.44,249.28,259.15,-
22-Aug-11,251.75,253.25,247.02,248.84,-
19-Aug-11,249.42,257.18,245.18,245.21,-
18-Aug-11,261.47,262.18,249.99,252.19,-
17-Aug-11,269.74,271.57,265.12,266.31,-
16-Aug-11,275.94,275.94,264.88,269.23,-
15-Aug-11,276.44,282.21,272.75,278.34,-
12-Aug-11,284.47,284.96,279.92,281.60,-
11-Aug-11,276.63,283.97,273.93,280.78,-
10-Aug-11,280.41,281.78,273.59,274.23,-
9-Aug-11,280.22,287.02,270.23,286.42,-
8-Aug-11,281.21,284.22,271.90,272.74,-
5-Aug-11,290.98,294.70,280.72,289.23,-
4-Aug-11,296.95,299.13,288.45,288.47,-
3-Aug-11,296.74,301.20,291.52,300.28,-
2-Aug-11,302.70,299.11,291.52,296.77,-
1-Aug-11,305.30,307.44,299.29,303.08,-
29-Jul-11,301.81,307.17,301.54,301.54,-
28-Jul-11,302.29,307.68,301.20,305.16,-
27-Jul-11,308.28,310.16,302.07,303.31,-
26-Jul-11,308.72,313.44,308.30,310.95,-
25-Jul-11,306.37,312.39,306.19,309.18,-
22-Jul-11,302.39,309.44,301.83,308.81,-
21-Jul-11,296.72,303.73,296.71,303.19,-
20-Jul-11,300.79,301.11,297.38,297.38,-
19-Jul-11,297.77,302.04,297.47,300.97,-
18-Jul-11,295.95,300.72,295.70,297.17,-
15-Jul-11,298.45,299.82,293.79,298.51,-
14-Jul-11,269.29,270.73,263.10,264.21,-
13-Jul-11,268.23,271.73,267.97,268.86,-
12-Jul-11,263.82,269.44,262.74,266.74,-
11-Jul-11,263.83,267.72,262.49,263.38,-
8-Jul-11,266.21,268.56,263.37,265.73,-
7-Jul-11,270.23,275.06,267.67,273.03,-
6-Jul-11,266.48,268.99,266.25,267.41,-
5-Jul-11,262.39,267.43,262.39,265.95,-
1-Jul-11,253.12,260.33,252.94,260.25,-
30-Jun-11,250.74,253.08,250.50,252.94,-
29-Jun-11,248.02,249.87,245.94,248.54,-
28-Jun-11,241.77,247.86,241.77,246.58,-
27-Jun-11,236.80,244.00,236.60,241.20,-
24-Jun-11,240.10,240.13,236.27,237.20,-
23-Jun-11,240.82,241.19,236.63,239.87,-
22-Jun-11,245.48,245.93,243.12,243.26,-
21-Jun-11,243.35,246.72,242.12,246.25,-
20-Jun-11,242.26,242.87,239.38,242.05,-
17-Jun-11,252.84,253.09,242.16,242.27,-
16-Jun-11,251.15,253.81,248.09,249.93,-
15-Jun-11,252.26,253.92,250.05,251.22,-
14-Jun-11,253.82,256.78,253.24,253.93,-
13-Jun-11,254.74,254.84,250.83,252.11,-
10-Jun-11,256.78,258.09,254.39,254.50,-
9-Jun-11,259.74,259.74,257.56,258.11,-
8-Jun-11,258.01,260.36,257.63,259.33,-
7-Jun-11,261.18,262.05,259.24,259.26,-
6-Jun-11,262.66,263.15,259.37,260.27,-
3-Jun-11,260.74,263.54,260.49,261.28,-
2-Jun-11,263.52,264.88,260.98,263.77,-
1-Jun-11,263.76,266.33,262.39,262.54,-
31-May-11,262.24,264.26,261.49,264.25,-
27-May-11,258.98,260.63,257.89,260.19,-
26-May-11,258.59,260.80,257.24,258.81,-
25-May-11,258.41,261.12,258.37,259.58,-
24-May-11,259.92,261.72,258.82,258.87,-
23-May-11,258.04,259.74,256.44,258.94,-
20-May-11,265.63,265.73,261.30,261.75,-
19-May-11,266.10,268.00,264.60,265.36,-
18-May-11,264.51,264.90,262.59,264.64,-
17-May-11,257.46,265.34,257.26,264.96,-
16-May-11,262.89,263.37,257.94,258.95,-
13-May-11,267.04,267.69,264.26,264.51,-
12-May-11,267.35,268.20,265.19,267.26,-
11-May-11,269.80,271.50,266.58,267.46,-
10-May-11,269.73,271.94,268.50,271.06,-
9-May-11,267.23,268.98,265.28,268.57,-
6-May-11,268.81,270.46,267.32,267.38,-
5-May-11,266.66,269.44,265.48,266.87,-
4-May-11,267.32,269.23,266.24,267.63,-
3-May-11,268.30,270.73,264.55,266.68,-
2-May-11,272.58,272.59,268.29,269.01,-
29-Apr-11,269.73,271.78,268.99,271.78,-
28-Apr-11,268.76,269.35,266.77,268.72,-
27-Apr-11,268.73,268.79,266.91,268.61,-
26-Apr-11,263.00,268.45,262.34,266.14,-
25-Apr-11,262.36,263.24,260.74,262.26,-
21-Apr-11,263.48,263.88,260.93,262.29,-
20-Apr-11,262.69,263.15,260.43,262.60,-
19-Apr-11,264.71,265.17,260.19,260.50,-
18-Apr-11,262.95,263.57,259.24,263.16,-
15-Apr-11,272.37,272.60,264.76,265.08,-
14-Apr-11,287.31,289.44,285.76,288.97,-
13-Apr-11,287.47,288.51,285.59,287.85,-
12-Apr-11,287.21,288.17,283.74,285.02,-
11-Apr-11,287.81,288.76,286.21,288.40,-
8-Apr-11,292.15,292.15,288.74,288.79,-
7-Apr-11,287.58,290.03,286.81,289.71,-
6-Apr-11,285.80,287.29,283.72,286.80,-
5-Apr-11,290.25,290.45,282.56,284.26,-
4-Apr-11,296.20,297.07,291.26,293.55,-
1-Apr-11,294.09,297.30,294.09,295.60,-
31-Mar-11,291.21,293.79,290.58,293.09,-
30-Mar-11,291.90,292.46,290.00,290.63,-
29-Mar-11,287.71,290.65,286.22,290.57,-
28-Mar-11,290.74,292.20,287.07,287.39,-
25-Mar-11,293.15,293.16,289.33,289.58,-
24-Mar-11,292.42,293.90,289.11,293.15,-
23-Mar-11,287.31,290.93,285.71,290.79,-
22-Mar-11,288.35,289.33,285.97,288.37,-
21-Mar-11,284.82,289.61,284.23,287.96,-
18-Mar-11,282.04,283.71,279.59,280.25,-
17-Mar-11,281.96,284.22,279.99,280.40,-
16-Mar-11,283.72,284.61,275.36,278.27,-
15-Mar-11,278.47,285.21,277.47,284.50,-
14-Mar-11,286.11,288.86,283.73,284.71,-
11-Mar-11,288.82,289.71,286.38,288.07,-
10-Mar-11,292.43,293.02,289.44,289.86,-
9-Mar-11,295.20,296.96,292.58,295.59,-
8-Mar-11,296.17,298.69,294.80,295.86,-
7-Mar-11,299.97,301.54,293.21,295.53,-
4-Mar-11,303.86,304.19,299.80,300.01,-
3-Mar-11,302.89,305.44,302.20,304.48,-
2-Mar-11,299.60,302.70,297.30,300.09,-
1-Mar-11,308.58,309.30,299.35,300.08,-
28-Feb-11,304.70,307.94,303.70,306.39,-
25-Feb-11,305.62,307.05,304.45,304.71,-
24-Feb-11,305.39,306.24,300.37,304.11,-
23-Feb-11,304.86,307.04,301.70,305.35,-
22-Feb-11,309.70,312.15,303.58,304.80,-
18-Feb-11,312.69,315.27,311.78,314.72,-
17-Feb-11,310.31,313.31,309.83,312.32,-
16-Feb-11,312.50,312.94,310.74,311.80,-
15-Feb-11,313.35,314.73,311.24,311.76,-
14-Feb-11,311.36,314.50,309.71,313.76,-
11-Feb-11,306.59,312.19,306.19,311.94,-
10-Feb-11,306.64,308.44,305.47,307.91,-
9-Feb-11,308.13,309.42,305.86,307.94,-
8-Feb-11,307.16,309.50,306.95,308.88,-
7-Feb-11,304.78,308.89,304.30,306.84,-
4-Feb-11,304.77,305.42,303.00,305.18,-
3-Feb-11,304.44,305.42,302.76,304.77,-
2-Feb-11,305.19,306.86,303.46,305.69,-
1-Feb-11,301.94,306.37,301.25,305.21,-
31-Jan-11,301.50,301.93,297.48,299.88,-
28-Jan-11,309.23,309.87,299.58,300.19,-
27-Jan-11,308.64,309.54,306.32,308.09,-
26-Jan-11,309.85,310.93,307.33,307.94,-
25-Jan-11,303.80,310.03,302.96,309.65,-
24-Jan-11,303.48,305.94,300.31,305.23,-
21-Jan-11,319.47,320.54,305.37,305.61,-
20-Jan-11,315.79,316.72,311.33,313.07,-
19-Jan-11,320.74,321.16,314.52,315.56,-
18-Jan-11,312.72,320.67,312.32,319.50,-
14-Jan-11,308.39,311.82,308.23,311.78,-
13-Jan-11,308.18,309.53,306.77,308.04,-
12-Jan-11,309.37,309.37,307.08,308.13,-
11-Jan-11,308.55,309.09,306.94,307.70,-
10-Jan-11,307.09,307.39,303.98,306.80,-
7-Jan-11,307.65,308.82,304.76,307.91,-
6-Jan-11,305.03,308.91,304.72,306.44,-
5-Jan-11,299.73,304.86,299.72,304.23,-
4-Jan-11,302.51,302.79,299.76,300.76,-
3-Jan-11,297.94,302.49,297.94,301.87,-
31-Dec-10,298.07,298.91,295.72,296.69,-
30-Dec-10,298.70,300.37,298.40,299.13,-
29-Dec-10,300.70,300.90,299.16,300.20,-
28-Dec-10,300.72,301.63,298.71,299.16,-
27-Dec-10,301.07,301.59,299.45,300.89,-
23-Dec-10,302.37,302.70,300.71,301.81,-
22-Dec-10,301.70,303.20,301.34,302.44,-
21-Dec-10,298.99,302.06,298.51,301.23,-
20-Dec-10,297.03,298.64,294.03,297.23,-
17-Dec-10,295.20,295.98,293.54,295.10,-
16-Dec-10,296.13,296.59,293.74,295.56,-
15-Dec-10,296.80,297.93,294.28,294.85,-
14-Dec-10,298.25,298.85,295.94,297.16,-
13-Dec-10,298.26,301.20,296.75,297.01,-
10-Dec-10,296.27,296.70,294.85,295.81,-
9-Dec-10,296.64,297.49,294.21,295.45,-
8-Dec-10,295.69,295.96,291.55,294.97,-
7-Dec-10,295.34,296.20,292.71,293.28,-
6-Dec-10,289.99,290.71,288.02,288.89,-
3-Dec-10,284.44,287.95,283.72,286.21,-
2-Dec-10,284.05,286.38,282.39,285.62,-
1-Dec-10,281.22,285.50,280.92,281.89,-
30-Nov-10,286.87,286.87,276.38,277.58,-
29-Nov-10,294.29,294.61,289.69,290.76,-
26-Nov-10,294.93,296.19,293.21,294.70,-
24-Nov-10,293.36,298.00,293.23,297.19,-
23-Nov-10,293.21,294.21,288.81,291.21,-
